id,solver,family,n,v,classification_seconds,engine_seconds,validation_seconds,classification_bytes,engine_bytes,validation_bytes,phase_seconds_sum
phases-profile_ipog-none-n32-v2,profile_ipog,none,32,2,2.7958e-05,0.000671875,2.3458e-05,63856,5034688,48064,0.0007232909999999999
phases-profile_ipog-noop_scoped-n32-v2,profile_ipog,noop_scoped,32,2,0.00124,0.001264666,0.000668625,7444672,7640976,1278368,0.003173291
phases-profile_ipog-noop_whole-n32-v2,profile_ipog,noop_whole,32,2,0.008285,0.002527417,0.000630833,16136944,8781952,1278368,0.01144325
phases-profile_ipog-scoped-n32-v2,profile_ipog,scoped,32,2,0.001207916,0.001167,0.000626375,7442928,7427984,1198688,0.003001291
phases-profile_ipog-equality-n32-v2,profile_ipog,equality,32,2,0.161834834,0.000671,0.000185459,551813904,2598608,518080,0.16269129300000001
phases-profile_ipog-none-n8-v16,profile_ipog,none,8,16,3.917e-06,0.040046458,2.15e-05,4288,177274992,3872,0.040071875
phases-profile_ipog-bench12-n12-v0,profile_ipog,bench12,12,0,0.000316416,0.00040425,0.000107334,1322208,2004560,324992,0.000828
phases-profile_gnd-none-n32-v2,profile_gnd,none,32,2,2.7917e-05,0.024111333,2.3166e-05,63856,12300448,48064,0.024162416
phases-profile_gnd-noop_scoped-n32-v2,profile_gnd,noop_scoped,32,2,0.001230292,0.026471417,0.000714667,7444672,17529888,1238656,0.028416376
phases-profile_gnd-noop_whole-n32-v2,profile_gnd,noop_whole,32,2,0.008696084,0.222922125,0.000857875,16136944,253525808,1238656,0.232476084
phases-profile_gnd-scoped-n32-v2,profile_gnd,scoped,32,2,0.001201,0.026784583,0.000739709,7442928,17733616,1278112,0.028725292
phases-profile_gnd-equality-n32-v2,profile_gnd,equality,32,2,0.164338375,0.02044975,0.000337625,551813904,31055232,518080,0.18512575
phases-profile_gnd-none-n8-v16,profile_gnd,none,8,16,4.75e-06,1.368548042,2.7833e-05,4288,242901952,3888,1.368580625
phases-profile_gnd-bench12-n12-v0,profile_gnd,bench12,12,0,0.000314125,0.020080708,0.000153917,1322208,42209792,341216,0.020548749999999998
