study,id,family,usage,solver,n,v,strength_requested,effective_strength,status,stopped_stage,cases,required,negative_required,forbidden,implied,minimal_unresolved,warm_seconds,warm_min_seconds,warm_max_seconds,cold_seconds,warm_allocated_bytes,peak_rss_bytes,peak_footprint_bytes,result_retained_bytes,search_retained_bytes,primary_queries,primary_nodes,primary_rule_checks,assignment_memo,rule_memo,warm_construct_seconds,completed_warm_runs,wall_seconds,exhaustive_validation,public_validation,feasibility_answer,feasibility_nodes,missing,bonus_strength
20261003-followup,core-large-ipog-n128-v2-t2,none,core,ipog,128,2,2,2,ok,,17,32512,0,0,0,0,0.033832583,0.032191083,0.037359458,4.9788305,267019520,870137856,757810544,17624,36464,0,0,0,0,0,0.000287875,3,14.319407458009664,not_run_large,not_applicable,,,,
20261003-followup,core-large-ipog-n256-v2-t2,none,core,ipog,256,2,2,2,ok,,19,130560,0,0,0,0,0.297693791,0.297073708,0.298511875,5.303704041,2040573008,1066893312,923977168,39128,74480,0,0,0,0,0,0.000558167,3,15.602471417048946,not_run_large,not_applicable,,,,
20261003-followup,core-large-ipog-n512-v2-t2,none,core,ipog,512,2,2,2,ok,,21,523264,0,0,0,0,2.679319833,2.600248167,2.885746,7.609599709,16580540816,1975009280,1952287072,86232,144112,0,0,0,0,0,0.000986167,3,24.496547082962934,not_run_large,not_applicable,,,,
20261003-followup,core-large-ipog-n1024-v2-t2,none,core,ipog,1024,2,2,2,rss_limit,cold,,,,,,,,,,,,2156232704,,,,,,,,,0.002090625,0,23.097205750003923,,,,,,
20261003-followup,seed-large-ipog-n128-v2-t2,none,seed,ipog,128,2,2,2,ok,,17,32512,0,0,0,0,0.062206292,0.062133084,0.064674375,5.165366291,429034272,949239808,815023520,39512,38912,1,0,0,1,0,0.000241791,3,14.260347875009757,not_run_large,not_applicable,,,,
20261003-followup,seed-large-ipog-n256-v2-t2,none,seed,ipog,256,2,2,2,ok,,19,130560,0,0,0,0,0.718254,0.664144083,0.723576875,5.881208667,3275221424,1464778752,1238501104,82520,78976,1,0,0,1,0,0.000452333,3,16.73751424998045,not_run_large,not_applicable,,,,
20261003-followup,seed-large-ipog-n512-v2-t2,none,seed,ipog,512,2,2,2,rss_limit,cold,,,,,,,,,,,,2209021952,,,,,,,,,0.001011417,0,14.081462958012708,,,,,,
20261003-followup,scoped-large-ipog-n128-v2-t2,noop_scoped,reuse,ipog,128,2,2,2,ok,,17,32512,0,0,0,0,0.231286458,0.227301166,0.240095167,5.308933,839071712,1092747264,960906728,39880,74650640,34539,6,869,34539,0,0.000260167,3,17.115740249981172,not_run_large,not_applicable,,,,
20261003-followup,scoped-large-ipog-n256-v2-t2,noop_scoped,reuse,ipog,256,2,2,2,rss_limit,warm,19,130560,0,0,0,0,,,,7.670617208,,2164965376,,82888,568897520,135145,6,1731,135145,0,0.000556834,0,20.646086667024065,,,,,,
20261003-followup,scoped-large-ipog-n512-v2-t2,noop_scoped,reuse,ipog,512,2,2,2,skipped_after_limit,,,,,,,,,,,,,,,,,,,,,,,,,,,,,,
20261003-followup,empty-audit-large-ipog-n128-v2-t2,none,audit_empty,ipog,128,2,2,2,ok,,17,,,0,0,0,0.1214745,0.120051625,0.131109875,1.962596375,374412800,880001024,744129880,988752,,,,,,,0.000259084,3,16.083279874990694,not_applicable,not_applicable,,,32512,
20261003-followup,empty-audit-large-ipog-n256-v2-t2,none,audit_empty,ipog,256,2,2,2,ok,,19,,,0,0,0,0.985901833,0.920162417,1.03916175,3.054203792,2750006272,1656832000,1459013504,3534536,,,,,,,0.000433791,3,20.08122691704193,not_applicable,not_applicable,,,130560,
20261003-followup,empty-audit-large-ipog-n512-v2-t2,none,audit_empty,ipog,512,2,2,2,rss_limit,cold,21,,,,,,,,,,,2185281536,,,,,,,,,0.00096,0,17.36458091699751,,,,,,
20261003-followup,bench12-ipog-n12-v0-t2,bench12,reuse,ipog,12,0,2,2,ok,,22,586,0,3,1,0,0.001002584,0.000911917,0.001008541,5.0572785,3719696,873725952,731759960,8279,303656,817,68,805,815,0,9.075e-05,3,14.4598847500165,not_run_large,not_applicable,,,,
20261003-followup,bench12-gnd-n12-v0-t2,bench12,reuse,gnd,12,0,2,2,ok,,25,586,0,3,1,0,0.021287416,0.021025,0.021316291,4.709783875,43946624,877789184,731956568,8567,7132216,26837,68,35649,22958,0,8.7708e-05,3,15.972361082967836,not_run_large,not_applicable,,,,
20261003-followup,bench12-ipog-n12-v0-t3,bench12,reuse,ipog,12,0,3,3,ok,,93,5702,0,92,26,0,0.01257675,0.012456625,0.012947209,5.2233285,61344608,881033216,736494960,38427,2079544,6616,68,3697,6609,0,8.85e-05,3,14.877397249976639,not_run_large,not_applicable,,,,
20261003-followup,bench12-gnd-n12-v0-t3,bench12,reuse,gnd,12,0,3,3,ok,,96,5702,0,92,26,0,0.305852292,0.295176333,0.315177542,5.016427666,194457536,896352256,749438296,38715,26324672,106528,68,134636,83805,0,8.6167e-05,3,23.730226667015813,not_run_large,not_applicable,,,,
20261003-followup,bench12-coverage-ipog-n12-v0-t2,bench12,coverage,ipog,12,0,2,2,ok,,22,,,3,1,0,0.000144292,0.000134833,0.00020825,1.876206459,190896,767410176,739951936,7199,,,,,,,0.000110917,3,17.423803625046276,not_applicable,not_applicable,,,0,
20261003-followup,bench12-report-ipog-n12-v0-t2,bench12,report,ipog,12,0,2,2,ok,,22,,,3,1,0,0.004169917,0.004110208,0.004223333,1.853643125,7037152,837468160,722470208,9242,,,,,,,0.000127375,3,14.971221291983966,not_applicable,not_applicable,,,,3
20261003-followup,bench12-audit_half-ipog-n12-v0-t2,bench12,audit_half,ipog,12,0,2,2,ok,,22,,,3,1,0,0.000325708,0.00030575,0.000365667,1.82490725,463216,853213184,740164952,10063,,,,,,,8.6792e-05,3,15.134131708007772,not_applicable,not_applicable,,,111,
20261003-followup,bench12-factorial-ipog-n12-v0-t2,bench12,factorial,ipog,12,0,2,0,ok,,207360,0,0,0,0,0,0.513133375,0.509664083,0.523799708,3.884879833,625686192,983187456,849446352,19911936,,,,,,,9.9584e-05,3,15.190115125034936,not_applicable,not_applicable,,,,
20261003-followup,strength2-ipog-n12-v3-t2,none,reuse,ipog,12,3,2,2,ok,,20,594,0,0,0,0,0.000354208,0.000349417,0.000431875,4.916326167,1362144,874315776,739378520,4736,4208,0,0,0,0,0,5.7458e-05,3,13.787097082997207,not_run_large,not_applicable,,,,
20261003-followup,strength2-gnd-n12-v3-t2,none,reuse,gnd,12,3,2,2,ok,,17,594,0,0,0,0,0.006185042,0.006172542,0.006321375,4.753621791,4126800,795656192,689784080,4448,4208,0,0,0,0,0,7.8375e-05,3,13.60218841599999,not_run_large,not_applicable,,,,
20261003-followup,arguments4-ipog-n16-v4-t2,none,reuse,ipog,16,4,2,2,ok,,32,1920,0,0,0,0,0.001301916,0.00129825,0.001337292,5.12248725,6914720,783007744,676447504,7912,5456,0,0,0,0,0,6.7583e-05,3,14.02801420801552,not_run_large,not_applicable,,,,
20261003-followup,arguments4-ipog-n32-v4-t2,none,reuse,ipog,32,4,2,2,ok,,41,7936,0,0,0,0,0.007083,0.006373584,0.007083,5.416601875,47459424,878804992,741688688,17512,10064,0,0,0,0,0,0.000124667,3,14.569825874990784,not_run_large,not_applicable,,,,
20261003-followup,arguments4-ipog-n64-v4-t2,none,reuse,ipog,64,4,2,2,ok,,49,32256,0,0,0,0,0.057231833,0.052612,0.095668833,5.166305208,347963104,945258496,812369288,38504,20080,0,0,0,0,0,0.000162125,3,14.474915792001411,not_run_large,not_applicable,,,,
20261003-followup,arguments4-ipog-n128-v4-t2,none,reuse,ipog,128,4,2,2,ok,,57,130048,0,0,0,0,0.367503084,0.366787375,0.368628458,5.446918834,2638547856,908853248,862373304,84584,38512,0,0,0,0,0,0.000298917,3,15.395008917024825,not_run_large,not_applicable,,,,
20261003-followup,arguments4-gnd-n16-v4-t2,none,reuse,gnd,16,4,2,2,ok,,35,1920,0,0,0,0,0.046844291,0.045812875,0.046999083,4.771343291,16707648,785858560,679707920,8296,5456,0,0,0,0,0,8.3125e-05,3,13.815877125016414,not_run_large,not_applicable,,,,
20261003-followup,arguments4-gnd-n32-v4-t2,none,reuse,gnd,32,4,2,2,ok,,43,7936,0,0,0,0,0.336267959,0.335162542,0.336898,5.710836459,85470800,884736000,749061512,18024,10064,0,0,0,0,0,0.000104209,3,15.986103542032652,not_run_large,not_applicable,,,,
20261003-followup,arguments4-gnd-n64-v4-t2,none,reuse,gnd,64,4,2,2,ok,,51,32256,0,0,0,0,2.628236541,2.538490917,2.719259916,7.726026042,616845200,961904640,808207752,39528,20080,0,0,0,0,0,0.000202083,3,24.443470957980026,not_run_large,not_applicable,,,,
20261003-followup,arguments4-gnd-n128-v4-t2,none,reuse,gnd,128,4,2,2,stage_timeout,warm,60,130048,0,0,0,0,,,,53.175347417,,1186201600,,87656,38512,0,0,0,0,0,0.000291,0,81.8767381249927,,,,,,
20261003-followup,rule-options-scoped-ipog-n8-v4-t2,scoped,reuse,ipog,8,4,2,2,ok,,29,447,0,1,0,0,0.000711917,0.000668666,0.000834209,5.569657625,2470528,881836032,747210096,4914,199712,604,10,221,604,0,7.3042e-05,3,14.974969999981113,not_run_large,not_applicable,,,,
20261003-followup,rule-options-scoped-ipog-n8-v8-t2,scoped,reuse,ipog,8,8,2,2,ok,,105,1791,0,1,0,0,0.004122125,0.004120208,0.004124458,5.074573416,20806784,871874560,739755352,10322,573688,2393,18,823,2393,0,9.4e-05,3,14.458690666011535,not_run_large,not_applicable,,,,
20261003-followup,rule-options-scoped-ipog-n8-v16-t2,scoped,reuse,ipog,8,16,2,2,ok,,257,7167,0,1,0,0,0.043088834,0.04219325,0.043360375,5.095245958,227498080,876494848,743245144,21138,2099240,8712,34,2830,8711,0,0.000133042,3,14.673308124998584,not_run_large,not_applicable,,,,
20261003-followup,rule-options-scoped-ipog-n8-v32-t2,scoped,reuse,ipog,8,32,2,2,ok,,2114,28671,0,1,0,0,0.916645292,0.890475125,0.91693875,5.977183,4259233568,961445888,818890144,142162,9573528,40590,66,14812,40590,0,0.000266,3,20.0585773329949,not_run_large,not_applicable,,,,
20261003-followup,rule-options-scoped-gnd-n8-v4-t2,scoped,reuse,gnd,8,4,2,2,ok,,26,447,0,1,0,0,0.010088791,0.010011708,0.010096583,4.645862708,14456976,861863936,727958848,4722,1847760,10847,10,4657,7691,0,7.7583e-05,3,14.242235583020374,not_run_large,not_applicable,,,,
20261003-followup,rule-options-scoped-gnd-n8-v8-t2,scoped,reuse,gnd,8,8,2,2,ok,,92,1791,0,1,0,0,0.115905833,0.115525791,0.116014,4.814585625,98120976,887783424,753321304,9490,14705824,75391,18,32571,49519,0,0.000105459,3,22.458264916960616,not_run_large,not_applicable,,,,
20261003-followup,rule-options-scoped-gnd-n8-v16-t2,scoped,reuse,gnd,8,16,2,2,ok,,342,7167,0,1,0,0,1.858990666,1.826750875,1.902352667,7.094750375,817865088,1034731520,1013089840,26578,105936344,554367,34,261651,423997,0,0.000130417,3,69.15382241702173,not_run_large,not_applicable,,,,
20261003-followup,rule-options-scoped-gnd-n8-v32-t2,scoped,reuse,gnd,8,32,2,2,rss_limit,diagnostics,,,,,,,,,,,,2167898112,,,,,,,,,0.000303833,0,55.6954752500169,,,,,,
20261003-followup,rule-options-whole-ipog-n8-v4-t2,whole,reuse,ipog,8,4,2,2,ok,,29,447,0,0,1,0,0.012608792,0.0119055,0.0126785,5.290650583,10655344,881655808,746653040,4720,1416392,605,41958,119431,605,5207,6.1417e-05,3,14.478774499963038,not_run_large,not_applicable,,,,
20261003-followup,rule-options-whole-ipog-n8-v8-t2,whole,reuse,ipog,8,8,2,2,ok,,105,1791,0,0,1,0,1.068668625,1.051933708,1.076930167,6.28221,444670880,929906688,796001672,10128,35719032,2394,1068374,7413091,2394,273724,7.875e-05,3,18.515292625001166,not_run_large,not_applicable,,,,
20261003-followup,rule-options-whole-ipog-n8-v16-t2,whole,reuse,ipog,8,16,2,2,resource_limit,,,,,,,,,,,,,1403682816,1271875288,,,,,,,,8.5333e-05,0,13.998088665946852,,,,,,
20261003-followup,rule-options-noop_scoped-ipog-n8-v16-t2,noop_scoped,reuse,ipog,8,16,2,2,ok,,256,7168,0,0,0,0,0.043288,0.043151,0.044001125,5.317312875,227427952,798359552,689931512,20600,2097704,8704,34,2832,8704,0,0.000135208,3,14.702672082989011,not_run_large,not_applicable,,,,
20261003-followup,rule-options-noop_scoped-ipog-n8-v32-t2,noop_scoped,reuse,ipog,8,32,2,2,ok,,2131,28672,0,0,0,0,0.929780458,0.877167833,0.934180292,5.923626916,4260780432,962707456,803243400,142776,9594248,40690,66,14907,40690,0,0.000258208,3,19.821815292001702,not_run_large,not_applicable,,,,
20261003-followup,alldifferent-budget1000000-unsat-n9-v8,alldifferent,feasibility,ipog,9,8,2,2,ok,,,,,,,,0.023234167,0.023108542,0.023339916,3.264895084,17546944,825819136,726074712,64,,,,,,,0.000536,3,11.80087595799705,not_applicable,not_applicable,infeasible,109600,,
20261003-followup,alldifferent-budget1000000-unsat-n10-v9,alldifferent,feasibility,ipog,10,9,2,2,ok,,,,,,,,0.221274084,0.220028917,0.225017917,3.478631542,157837216,894124032,762086768,64,,,,,,,0.00078825,3,12.445049167028628,not_applicable,not_applicable,infeasible,986409,,
20261003-followup,alldifferent-budget1000000-unsat-n11-v10,alldifferent,feasibility,ipog,11,10,2,2,resource_limit,,,,,,,,0.232889916,0.228579916,0.23331925,3.639446666,160024656,899186688,765576584,64,,,,,,,0.001144042,3,12.698417417006567,not_applicable,not_applicable,unknown,1000000,,
20261003-followup,alldifferent-budget10000000-unsat-n9-v8,alldifferent,feasibility,ipog,9,8,2,2,ok,,,,,,,,0.023690833,0.023663833,0.023855542,3.389084416,17546944,804061184,704283944,64,,,,,,,0.000536625,3,11.8041801659856,not_applicable,not_applicable,infeasible,109600,,
20261003-followup,alldifferent-budget10000000-unsat-n10-v9,alldifferent,feasibility,ipog,10,9,2,2,ok,,,,,,,,0.220082208,0.216853,0.224735125,3.498815458,157837216,853803008,720307520,64,,,,,,,0.00082325,3,12.918286000029184,not_applicable,not_applicable,infeasible,986409,,
20261003-followup,alldifferent-budget10000000-unsat-n11-v10,alldifferent,feasibility,ipog,11,10,2,2,ok,,,,,,,,2.360901459,2.340810083,2.575377375,5.596280666,1578271392,916488192,784713096,64,,,,,,,0.001113125,3,21.394235999963712,not_applicable,not_applicable,infeasible,9864100,,
20261003-followup,alldifferent-budget10000000-unsat-n12-v11,alldifferent,feasibility,ipog,12,11,2,2,resource_limit,,,,,,,,3.044885625,2.916388291,3.516682792,5.678692292,1600030176,918814720,785630600,64,,,,,,,0.00156625,3,23.957030999998096,not_applicable,not_applicable,unknown,10000000,,
20261003-followup,alldifferent-cover-sat-ipog-n4-v4,alldifferent,reuse,ipog,4,4,2,2,ok,,20,72,0,24,0,0,0.00031725,0.000290625,0.000358667,5.476549833,481760,876658688,743228760,9904,43472,125,164,1842,125,0,0.000129584,3,15.496789833996445,passed_exhaustive,not_applicable,,,,
20261003-followup,alldifferent-cover-unsat-ipog-n6-v5,alldifferent,reuse,ipog,6,5,2,2,ok,,0,0,0,75,300,300,0.003854125,0.003805875,0.003868,4.870204209,6406544,858324992,725812568,263676,97248,300,4500,28575,300,0,0.000157875,3,14.292572624981403,not_run_large,not_applicable,,,,
20261003-followup,alldifferent-cover-sat-gnd-n4-v4,alldifferent,reuse,gnd,4,4,2,2,ok,,13,72,0,24,0,0,0.002015833,0.001969333,0.002132875,4.876459708,3579120,758710272,723109160,9680,116888,10472,286,3786,508,0,9.0375e-05,3,16.026391292049084,passed_exhaustive,not_applicable,,,,
20261003-followup,alldifferent-cover-unsat-gnd-n6-v5,alldifferent,reuse,gnd,6,5,2,2,ok,,0,0,0,75,300,300,0.003928834,0.003775,0.004028375,4.83737475,6410928,849477632,725288280,263676,97248,300,4500,28575,300,0,0.000166417,3,14.295498042018153,not_run_large,not_applicable,,,,
20261003-followup,alldifferent-cover-unsat-ipog-n8-v7,alldifferent,reuse,ipog,8,7,2,2,ok,,0,0,0,196,1176,1176,0.100809125,0.099751125,0.104259709,5.132237125,94898112,874987520,740885848,1648013,400304,1176,382200,1958236,1176,0,0.000394625,3,15.462655833049212,not_run_large,not_applicable,,,,
20261003-followup,whole-default-budget-ipog-n32-v2,whole,reuse,ipog,32,2,2,2,resource_limit,,,,,,,,,,,,,1622687744,1727105088,,,,,,,,0.000111667,0,16.314478375017643,,,,,,
