t,v,k,best_known,source,status,retrieved,lower_bound,catalog
2,2,3,4,"Kleitman and Spencer, or Katona",2024-11,2026-10-04,4,4
2,2,4,5,"Kleitman and Spencer, or Katona",2024-11,2026-10-04,4,5
2,2,7,6,"Kleitman and Spencer, or Katona",2024-11,2026-10-04,4,6
2,2,8,6,"Kleitman and Spencer, or Katona",2024-11,2026-10-04,4,6
2,2,10,6,"Kleitman and Spencer, or Katona",2024-11,2026-10-04,4,6
2,2,15,7,"Kleitman and Spencer, or Katona",2024-11,2026-10-04,4,7
2,2,16,8,"Kleitman and Spencer, or Katona",2024-11,2026-10-04,4,8
2,2,20,8,"Kleitman and Spencer, or Katona",2024-11,2026-10-04,4,8
2,2,32,8,"Kleitman and Spencer, or Katona",2024-11,2026-10-04,4,8
2,2,50,9,"Kleitman and Spencer, or Katona",2024-11,2026-10-04,4,9
2,2,64,10,"Kleitman and Spencer, or Katona",2024-11,2026-10-04,4,10
2,2,100,10,"Kleitman and Spencer, or Katona",2024-11,2026-10-04,4,10
2,2,128,11,"Kleitman and Spencer, or Katona",2024-11,2026-10-04,4,11
2,2,250,12,"Kleitman and Spencer, or Katona",2024-11,2026-10-04,4,12
2,2,256,12,"Kleitman and Spencer, or Katona",2024-11,2026-10-04,4,12
2,2,512,13,"Kleitman and Spencer, or Katona",2024-11,2026-10-04,4,13
2,2,1024,14,"Kleitman and Spencer, or Katona",2024-11,2026-10-04,4,14
2,3,3,9,orthogonal array,2024-11,2026-10-04,9,9
2,3,4,9,orthogonal array,2024-11,2026-10-04,9,9
2,3,5,11,Derive from strength 3,2024-11,2026-10-04,9,11
2,3,6,12,simulated annealing (Cohen),2024-11,2026-10-04,9,12
2,3,7,12,simulated annealing (Cohen),2024-11,2026-10-04,9,12
2,3,8,13,simulated annealing (Cohen),2024-11,2026-10-04,9,13
2,3,10,14,simulated annealing (Cohen),2024-11,2026-10-04,9,15
2,3,13,15,tabu search (Nurmela),2024-11,2026-10-04,9,15
2,3,20,15,tabu search (Nurmela),2024-11,2026-10-04,9,15
2,3,50,20,CA Extender (TJ-AJ-AG),2024-11,2026-10-04,9,21
2,3,100,22,CA Extender (TJ-AJ-AG),2024-11,2026-10-04,9,24
2,3,250,26,CA Extender (TJ-AJ-AG),2024-11,2026-10-04,9,27
2,4,3,16,Derive from strength 3,2024-11,2026-10-04,16,16
2,4,4,16,Derive from strength 3,2024-11,2026-10-04,16,16
2,4,5,16,Derive from strength 3,2024-11,2026-10-04,16,16
2,4,6,19,Fix 1 symbols (Meagher-Stevens),2024-11,2026-10-04,16,19
2,4,8,22,Fix 2 symbols (LCDST) postop TJ-SA,2024-11,2026-10-04,16,23
2,4,10,24,simulated annealing (CKRS),2024-11,2026-10-04,16,28
2,4,20,28,PCAx2PCA,2024-11,2026-10-04,16,28
2,4,21,28,PCAx2PCA,2024-11,2026-10-04,16,28
2,4,50,34,simulated annealing (Torres-Jimenez),2024-11,2026-10-04,16,40
2,4,100,39,simulated annealing (Torres-Jimenez),2024-11,2026-10-04,16,40
2,4,250,47,PCAx2PCA,2024-11,2026-10-04,16,52
2,5,3,25,orthogonal array,2024-11,2026-10-04,25,25
2,5,4,25,orthogonal array,2024-11,2026-10-04,25,25
2,5,6,25,orthogonal array,2024-11,2026-10-04,25,25
2,5,7,29,Fix 1 symbols (Meagher-Stevens),2024-11,2026-10-04,25,29
2,5,10,36,tabu search (Rouse-Lamarre),2024-11,2026-10-04,25,36
2,5,20,40,"cover starter (Colbourn,Torres-Jimenez)",2024-11,2026-10-04,25,45
2,5,31,45,PCAx2PCA,2024-11,2026-10-04,25,45
2,5,50,53,simulated annealing (Torres-Jimenez),2024-11,2026-10-04,25,57
2,5,100,60,PCAx2PCA,2024-11,2026-10-04,25,65
2,5,250,69,PCAx2PCA,2024-11,2026-10-04,25,73
2,6,3,36,orthogonal array,2024-11,2026-10-04,36,36
2,6,4,37,simulated annealing (Cohen),2024-11,2026-10-04,36,45
2,6,7,42,tabu search (Nurmela),2024-11,2026-10-04,36,46
2,6,8,42,tabu search (Nurmela),2024-11,2026-10-04,36,46
2,6,9,46,Fix 1 symbols (Meagher-Stevens),2024-11,2026-10-04,36,46
2,6,10,48,simulated annealing (Torres-Jimenez),2024-11,2026-10-04,36,51
2,6,11,51,simulated annealing (Torres-Jimenez),2024-11,2026-10-04,36,56
2,6,12,53,simulated annealing (Torres-Jimenez),2024-11,2026-10-04,36,61
2,6,13,55,"cover starter (Colbourn,Torres-Jimenez)",2024-11,2026-10-04,36,66
2,6,14,57,"cover starter (Colbourn,Torres-Jimenez)",2024-11,2026-10-04,36,76
2,6,15,57,"cover starter (Colbourn,Torres-Jimenez)",2024-11,2026-10-04,36,76
2,6,16,57,"cover starter (Colbourn,Torres-Jimenez)",2024-11,2026-10-04,36,76
2,6,17,57,"cover starter (Colbourn,Torres-Jimenez)",2024-11,2026-10-04,36,76
2,6,18,57,"cover starter (Colbourn,Torres-Jimenez)",2024-11,2026-10-04,36,76
2,6,43,75,simulated annealing (Torres-Jimenez),2024-11,2026-10-04,36,86
2,6,50,75,simulated annealing (Torres-Jimenez),2024-11,2026-10-04,36,86
2,6,100,88,Direct product generalized,2024-11,2026-10-04,36,101
2,6,250,105,Direct product generalized,2024-11,2026-10-04,36,121
2,7,3,49,orthogonal array,2024-11,2026-10-04,49,49
2,7,4,49,orthogonal array,2024-11,2026-10-04,49,49
2,7,8,49,orthogonal array,2024-11,2026-10-04,49,49
2,7,14,76,Fix 2 symbols (LCDST) postop NCK,2024-11,2026-10-04,49,77
2,7,50,91,PCAx2PCA,2024-11,2026-10-04,49,91
2,7,57,91,PCAx2PCA,2024-11,2026-10-04,49,91
2,7,100,113,simulated annealing (Torres-Jimenez),2024-11,2026-10-04,49,117
2,7,250,133,PCAx2PCA,2024-11,2026-10-04,49,133
2,8,3,64,Derive from strength 3,2024-11,2026-10-04,64,64
2,8,4,64,Derive from strength 3,2024-11,2026-10-04,64,64
2,8,8,64,Derive from strength 3,2024-11,2026-10-04,64,64
2,8,9,64,Derive from strength 3,2024-11,2026-10-04,64,64
2,8,16,102,Fix 2 symbols (LCDST) postop NCK,2024-11,2026-10-04,64,104
2,8,50,120,PCAx2PCA,2024-11,2026-10-04,64,120
2,8,73,120,PCAx2PCA,2024-11,2026-10-04,64,120
2,8,100,140,simulated annealing (Torres-Jimenez),2024-11,2026-10-04,64,141
2,8,250,171,PCAx2PCA postop TJ-SA,2024-11,2026-10-04,64,176
2,9,3,81,orthogonal array,2024-11,2026-10-04,81,81
2,9,4,81,orthogonal array,2024-11,2026-10-04,81,81
2,9,10,81,orthogonal array,2024-11,2026-10-04,81,81
2,9,18,126,Brick by Brick (TATA),2024-11,2026-10-04,81,129
2,9,50,153,PCAx2PCA,2024-11,2026-10-04,81,153
2,9,91,153,PCAx2PCA,2024-11,2026-10-04,81,153
2,9,100,160,Direct product,2024-11,2026-10-04,81,177
2,9,250,216,Direct product,2024-11,2026-10-04,81,225
2,10,3,100,orthogonal array,2024-11,2026-10-04,100,100
2,10,4,100,orthogonal array,2024-11,2026-10-04,100,119
2,10,11,116,Add Factor SO (AG-TJ-IM),2024-11,2026-10-04,100,119
2,10,12,116,Add Factor SO (AG-TJ-IM),2024-11,2026-10-04,100,119
2,10,13,120,projection (C),2024-11,2026-10-04,100,120
2,10,14,127,Fix 1 symbols (LCDST),2024-11,2026-10-04,100,127
2,10,15,136,Fix 1 symbols (Meagher-Stevens),2024-11,2026-10-04,100,136
2,10,16,145,Fix 1 symbols (Meagher-Stevens),2024-11,2026-10-04,100,145
2,10,17,149,simulated annealing (Torres-Jimenez),2024-11,2026-10-04,100,152
2,10,18,150,Fix 2 symbols (LCDST) postop TJ-SA,2024-11,2026-10-04,100,152
2,10,19,155,Fix 3 symbols (LCDST),2024-11,2026-10-04,100,155
2,10,20,155,Fix 3 symbols (LCDST),2024-11,2026-10-04,100,155
2,10,21,162,Fix 3 symbols (LCDST) postop TJ-SA,2024-11,2026-10-04,100,165
2,10,22,166,Fix 3 symbols (LCDST) postop TJ-SA,2024-11,2026-10-04,100,172
2,10,23,171,Fix 3 symbols (LCDST) postop TJ-SA,2024-11,2026-10-04,100,179
2,10,24,178,Fix 4 symbols (LCDST) postop TJ-SA,2024-11,2026-10-04,100,181
2,10,25,178,Fix 4 symbols (LCDST) postop TJ-SA,2024-11,2026-10-04,100,181
2,10,26,185,Fix 4 symbols (LCDST),2024-11,2026-10-04,100,187
2,10,27,190,simulated annealing (Torres-Jimenez),2024-11,2026-10-04,100,193
2,10,28,190,simulated annealing (Torres-Jimenez),2024-11,2026-10-04,100,209
2,10,29,190,simulated annealing (Torres-Jimenez),2024-11,2026-10-04,100,209
2,10,30,190,simulated annealing (Torres-Jimenez),2024-11,2026-10-04,100,209
2,10,50,202,simulated annealing (Torres-Jimenez),2024-11,2026-10-04,100,229
2,10,100,213,Direct product generalized,2024-11,2026-10-04,100,229
2,10,111,216,Direct product generalized,2024-11,2026-10-04,100,229
2,10,250,265,Direct product,2024-11,2026-10-04,100,280
2,11,3,121,orthogonal array,2024-11,2026-10-04,121,121
2,11,4,121,orthogonal array,2024-11,2026-10-04,121,121
2,11,12,121,orthogonal array,2024-11,2026-10-04,121,121
2,11,22,192,Fix 3 symbols (LCDST) postop TJ-SA,2024-11,2026-10-04,121,194
2,11,50,231,PCAx2PCA,2024-11,2026-10-04,121,231
2,11,100,231,PCAx2PCA,2024-11,2026-10-04,121,231
2,11,133,231,PCAx2PCA,2024-11,2026-10-04,121,231
2,11,250,302,PCAx2PCA,2024-11,2026-10-04,121,323
2,12,3,144,orthogonal array,2024-11,2026-10-04,144,144
2,12,4,144,orthogonal array,2024-11,2026-10-04,144,144
2,12,13,164,orthogonal array fuse postop TJ-SA,2024-11,2026-10-04,144,167
2,12,14,165,simulated annealing (CKRS),2024-11,2026-10-04,144,167
2,12,15,168,projection (C),2024-11,2026-10-04,144,168
2,12,16,188,Fix 1 symbols (LCDST),2024-11,2026-10-04,144,188
2,12,17,188,Fix 1 symbols (LCDST),2024-11,2026-10-04,144,188
2,12,18,199,Fix 1 symbols (Meagher-Stevens),2024-11,2026-10-04,144,199
2,12,19,210,Fix 1 symbols (Meagher-Stevens),2024-11,2026-10-04,144,210
2,12,20,221,Fix 1 symbols (Colbourn),2024-11,2026-10-04,144,221
2,12,21,227,Fix 2 symbols (LCDST) postop NCK,2024-11,2026-10-04,144,228
2,12,22,227,Fix 2 symbols (LCDST) postop NCK,2024-11,2026-10-04,144,228
2,12,23,232,Fix 3 symbols (LCDST) postop TJ-SA,2024-11,2026-10-04,144,234
2,12,24,232,Fix 3 symbols (LCDST) postop TJ-SA,2024-11,2026-10-04,144,234
2,12,25,242,Fix 3 symbols (LCDST),2024-11,2026-10-04,144,243
2,12,26,245,Fix 4 symbols (LCDST),2024-11,2026-10-04,144,247
2,12,27,245,Fix 4 symbols (LCDST),2024-11,2026-10-04,144,247
2,12,28,254,Fix 4 symbols (LCDST),2024-11,2026-10-04,144,255
2,12,29,262,Fix 4 symbols (LCDST),2024-11,2026-10-04,144,263
2,12,30,269,Fix 5 symbols (LCDST),2024-11,2026-10-04,144,269
2,12,31,269,Fix 5 symbols (LCDST),2024-11,2026-10-04,144,269
2,12,32,269,Fix 5 symbols (LCDST),2024-11,2026-10-04,144,269
2,12,33,276,Direct product,2024-11,2026-10-04,144,299
2,12,34,276,Direct product,2024-11,2026-10-04,144,299
2,12,35,276,Direct product,2024-11,2026-10-04,144,299
2,12,36,276,Direct product,2024-11,2026-10-04,144,299
2,12,50,288,simulated annealing (Torres-Jimenez),2024-11,2026-10-04,144,320
2,12,100,291,simulated annealing (Torres-Jimenez),2024-11,2026-10-04,144,323
2,12,157,308,Direct product generalized,2024-11,2026-10-04,144,323
2,12,250,344,Direct product,2024-11,2026-10-04,144,377
2,13,14,169,orthogonal array,2024-11,2026-10-04,169,169
2,13,26,281,simulated annealing (Torres-Jimenez),2024-11,2026-10-04,169,283
2,13,50,325,PCAx2PCA,2024-11,2026-10-04,169,325
2,13,100,325,PCAx2PCA,2024-11,2026-10-04,169,325
2,13,183,325,PCAx2PCA,2024-11,2026-10-04,169,325
2,13,250,373,PCAx2PCA,2024-11,2026-10-04,169,373
2,15,16,252,Add Factor SO (AG-TJ-IM),2024-11,2026-10-04,225,254
2,15,17,252,Add Factor SO (AG-TJ-IM),2024-11,2026-10-04,225,254
2,15,18,255,projection (C),2024-11,2026-10-04,225,255
2,15,19,281,projection (C) postop NCK,2024-11,2026-10-04,225,287
2,15,20,285,projection (C) postop TJ-SA,2024-11,2026-10-04,225,287
2,15,21,331,projection (C) postop NCK,2024-11,2026-10-04,225,337
2,15,22,332,projection (C) postop NCK,2024-11,2026-10-04,225,337
2,15,23,334,projection (C) postop NCK,2024-11,2026-10-04,225,337
2,15,24,335,projection (C) postop NCK,2024-11,2026-10-04,225,337
2,15,25,351,Fix 1 symbols (LCDST),2024-11,2026-10-04,225,351
2,15,26,365,Fix 1 symbols (Colbourn),2024-11,2026-10-04,225,365
2,15,27,376,simulated annealing (Torres-Jimenez),2024-11,2026-10-04,225,379
2,15,28,376,simulated annealing (Torres-Jimenez),2024-11,2026-10-04,225,385
2,15,29,383,Fix 4 symbols (LCDST),2024-11,2026-10-04,225,385
2,15,30,383,Fix 4 symbols (LCDST),2024-11,2026-10-04,225,385
2,15,31,383,Fix 4 symbols (LCDST),2024-11,2026-10-04,225,385
2,15,32,383,Fix 4 symbols (LCDST),2024-11,2026-10-04,225,385
2,15,33,394,Fix 4 symbols (LCDST),2024-11,2026-10-04,225,396
2,15,34,405,Fix 4 symbols (LCDST),2024-11,2026-10-04,225,407
2,15,35,406,Fix 5 symbols (LCDST),2024-11,2026-10-04,225,409
2,15,36,406,Fix 5 symbols (LCDST),2024-11,2026-10-04,225,409
2,15,37,418,Fix 5 symbols (LCDST),2024-11,2026-10-04,225,419
2,15,38,428,Fix 5 symbols (LCDST),2024-11,2026-10-04,225,429
2,15,39,439,Fix 5 symbols (LCDST),2024-11,2026-10-04,225,439
2,15,40,449,Fix 5 symbols (LCDST),2024-11,2026-10-04,225,449
2,15,41,450,Direct product,2024-11,2026-10-04,225,464
2,15,42,450,Direct product,2024-11,2026-10-04,225,464
2,15,43,450,Direct product,2024-11,2026-10-04,225,464
2,15,44,450,Direct product,2024-11,2026-10-04,225,464
2,15,45,450,Direct product,2024-11,2026-10-04,225,464
2,15,50,450,Direct product,2024-11,2026-10-04,225,464
2,15,100,450,Direct product,2024-11,2026-10-04,225,494
2,15,241,477,Direct product,2024-11,2026-10-04,225,494
2,15,250,477,Direct product,2024-11,2026-10-04,225,494
2,16,8,256,Derive from strength 3,2024-11,2026-10-04,256,256
2,16,17,256,Derive from strength 3,2024-11,2026-10-04,256,256
2,16,32,442,Fix 5 symbols (LCDST),2024-11,2026-10-04,256,445
2,16,50,496,PCAx2PCA,2024-11,2026-10-04,256,496
2,16,100,496,PCAx2PCA,2024-11,2026-10-04,256,496
2,16,250,496,PCAx2PCA,2024-11,2026-10-04,256,496
2,16,273,496,PCAx2PCA,2024-11,2026-10-04,256,496
2,20,21,504,Add Factor SO (AG-TJ-IM),2024-11,2026-10-04,400,523
2,20,22,504,Add Factor SO (AG-TJ-IM),2024-11,2026-10-04,400,523
2,20,23,506,Add Factor SO (AG-TJ-IM),2024-11,2026-10-04,400,523
2,20,24,506,Add Factor SO (AG-TJ-IM),2024-11,2026-10-04,400,523
2,20,25,512,projection (C) postop NCK,2024-11,2026-10-04,400,526
2,20,26,517,projection (C) postop NCK,2024-11,2026-10-04,400,526
2,20,27,520,projection (C) postop TJ-SA,2024-11,2026-10-04,400,526
2,20,28,586,projection (C) postop NCK,2024-11,2026-10-04,400,620
2,20,29,589,projection (C) postop NCK,2024-11,2026-10-04,400,620
2,20,30,590,projection (C) postop NCK,2024-11,2026-10-04,400,620
2,20,31,592,projection (C) postop NCK,2024-11,2026-10-04,400,620
2,20,32,659,projection (C) postop NCK,2024-11,2026-10-04,400,723
2,20,33,661,projection (C) postop NCK,2024-11,2026-10-04,400,723
2,20,34,663,projection (C) postop NCK,2024-11,2026-10-04,400,723
2,20,35,666,projection (C) postop NCK,2024-11,2026-10-04,400,723
2,20,36,679,projection (C) postop NCK,2024-11,2026-10-04,400,723
2,20,37,685,simulated annealing (Torres-Jimenez) postop NCK,2024-11,2026-10-04,400,723
2,20,38,707,simulated annealing (Torres-Jimenez) postop NCK,2024-11,2026-10-04,400,723
2,20,39,740,projection (C) postop NCK,2024-11,2026-10-04,400,742
2,20,40,754,Fix 5 symbols (LCDST) postop TJ-SA,2024-11,2026-10-04,400,758
2,20,41,754,Fix 5 symbols (LCDST) postop TJ-SA,2024-11,2026-10-04,400,758
2,20,42,754,Fix 5 symbols (LCDST) postop TJ-SA,2024-11,2026-10-04,400,758
2,20,43,754,Fix 5 symbols (LCDST) postop TJ-SA,2024-11,2026-10-04,400,758
2,20,44,755,Fix 5 symbols (LCDST) postop TJ-SA,2024-11,2026-10-04,400,758
2,20,45,755,Fix 5 symbols (LCDST) postop TJ-SA,2024-11,2026-10-04,400,758
2,20,46,756,Fix 5 symbols (LCDST),2024-11,2026-10-04,400,758
2,20,47,756,Fix 5 symbols (LCDST),2024-11,2026-10-04,400,758
2,20,48,761,Fix 6 symbols (LCDST),2024-11,2026-10-04,400,772
2,20,49,761,Fix 6 symbols (LCDST),2024-11,2026-10-04,400,772
2,20,50,775,Fix 6 symbols (LCDST),2024-11,2026-10-04,400,786
2,20,51,789,Fix 6 symbols (LCDST),2024-11,2026-10-04,400,793
2,20,52,793,Fix 7 symbols (LCDST),2024-11,2026-10-04,400,793
2,20,53,793,Fix 7 symbols (LCDST),2024-11,2026-10-04,400,793
2,20,54,793,Fix 7 symbols (LCDST),2024-11,2026-10-04,400,793
2,20,55,806,Fix 7 symbols (LCDST),2024-11,2026-10-04,400,806
2,20,56,807,PCAxPCA,2024-11,2026-10-04,400,819
2,20,57,807,PCAxPCA,2024-11,2026-10-04,400,832
2,20,58,807,PCAxPCA,2024-11,2026-10-04,400,903
2,20,59,807,PCAxPCA,2024-11,2026-10-04,400,903
2,20,60,807,PCAxPCA,2024-11,2026-10-04,400,903
2,20,100,820,PCAxPCA,2024-11,2026-10-04,400,1029
2,20,250,850,Direct product,2024-11,2026-10-04,400,1029
2,20,421,882,Direct product,2024-11,2026-10-04,400,1029
2,24,25,622,orthogonal array fuse,2024-11,2026-10-04,576,623
2,24,26,622,orthogonal array fuse,2024-11,2026-10-04,576,623
2,24,27,624,projection (C),2024-11,2026-10-04,576,624
2,24,28,713,projection (C) postop NCK,2024-11,2026-10-04,576,723
2,24,29,716,projection (C) postop NCK,2024-11,2026-10-04,576,726
2,24,30,718,projection (C) postop NCK,2024-11,2026-10-04,576,726
2,24,31,722,projection (C) postop TJ-SA,2024-11,2026-10-04,576,726
2,24,32,806,projection (C) postop NCK,2024-11,2026-10-04,576,1175
2,24,33,810,projection (C) postop NCK,2024-11,2026-10-04,576,1175
2,24,34,812,projection (C) postop TJ-SA,2024-11,2026-10-04,576,1175
2,24,35,814,projection (C) postop TJ-SA,2024-11,2026-10-04,576,1175
2,24,36,896,projection (C) postop NCK,2024-11,2026-10-04,576,1175
2,24,37,896,projection (C) postop NCK,2024-11,2026-10-04,576,1175
2,24,38,904,projection (C) postop NCK,2024-11,2026-10-04,576,1175
2,24,39,907,projection (C) postop NCK,2024-11,2026-10-04,576,1175
2,24,40,951,projection (C) postop NCK,2024-11,2026-10-04,576,1175
2,24,41,955,projection (C) postop NCK,2024-11,2026-10-04,576,1175
2,24,42,1075,Add a symbol (binary),2024-11,2026-10-04,576,1175
2,24,43,1128,Direct product,2024-11,2026-10-04,576,1175
2,24,44,1128,Direct product,2024-11,2026-10-04,576,1175
2,24,45,1128,Direct product,2024-11,2026-10-04,576,1175
2,24,46,1128,Direct product,2024-11,2026-10-04,576,1175
2,24,47,1128,Direct product,2024-11,2026-10-04,576,1175
2,24,48,1128,Direct product,2024-11,2026-10-04,576,1175
2,24,49,1128,Direct product,2024-11,2026-10-04,576,1175
2,24,50,1128,Direct product,2024-11,2026-10-04,576,1175
2,24,51,1128,Direct product,2024-11,2026-10-04,576,1175
2,24,52,1128,Direct product,2024-11,2026-10-04,576,1175
2,24,53,1128,Direct product,2024-11,2026-10-04,576,1175
2,24,54,1128,Direct product,2024-11,2026-10-04,576,1175
2,24,55,1128,Direct product,2024-11,2026-10-04,576,1175
2,24,56,1128,Direct product,2024-11,2026-10-04,576,1175
2,24,57,1128,Direct product,2024-11,2026-10-04,576,1175
2,24,58,1128,Direct product,2024-11,2026-10-04,576,1175
2,24,59,1128,Direct product,2024-11,2026-10-04,576,1175
2,24,60,1128,Direct product,2024-11,2026-10-04,576,1175
2,24,61,1128,Direct product,2024-11,2026-10-04,576,1175
2,24,62,1128,Direct product,2024-11,2026-10-04,576,1175
2,24,63,1128,Direct product,2024-11,2026-10-04,576,1175
2,24,64,1128,Direct product,2024-11,2026-10-04,576,1175
2,24,65,1128,Direct product,2024-11,2026-10-04,576,1175
2,24,66,1128,Direct product,2024-11,2026-10-04,576,1175
2,24,67,1128,Direct product,2024-11,2026-10-04,576,1175
2,24,68,1128,Direct product,2024-11,2026-10-04,576,1175
2,24,69,1128,Direct product,2024-11,2026-10-04,576,1175
2,24,70,1128,Direct product,2024-11,2026-10-04,576,1175
2,24,71,1128,Direct product,2024-11,2026-10-04,576,1175
2,24,72,1128,Direct product,2024-11,2026-10-04,576,1175
2,24,100,1152,Direct product generalized,2024-11,2026-10-04,576,1223
2,24,250,1184,Direct product generalized,2024-11,2026-10-04,576,1223
2,24,601,1198,Direct product generalized,2024-11,2026-10-04,576,1223
2,25,26,625,orthogonal array,2024-11,2026-10-04,625,625
2,25,50,1181,projection (C) postop TJ-SA,2024-11,2026-10-04,625,1225
2,25,100,1225,PCAx2PCA,2024-11,2026-10-04,625,1225
2,25,250,1225,PCAx2PCA,2024-11,2026-10-04,625,1225
2,25,651,1225,PCAx2PCA,2024-11,2026-10-04,625,1225
2,32,8,1024,"orthogonal array (Bush), equal to the lower bound",derived,,1024,1024
2,64,8,4096,"orthogonal array (Bush), equal to the lower bound",derived,,4096,4096
3,2,4,8,orthogonal array,2024-11,2026-10-04,8,8
3,2,5,10,Derive from strength 4,2024-11,2026-10-04,8,10
3,2,6,12,Derive from strength 4,2024-11,2026-10-04,8,12
3,2,7,12,Derive from strength 4,2024-11,2026-10-04,8,12
3,2,8,12,Derive from strength 4,2024-11,2026-10-04,8,12
3,2,10,12,Derive from strength 4,2024-11,2026-10-04,8,12
3,2,11,12,Derive from strength 4,2024-11,2026-10-04,8,12
3,2,20,18,Chateauneuf-Kreher doubling,2024-11,2026-10-04,8,18
3,2,50,28,simulated annealing (TJ-RT),2024-11,2026-10-04,8,31
3,2,100,33,Power CT11^2,2024-11,2026-10-04,8,40
3,2,250,46,simulated annealing (TJ-RT),2024-11,2026-10-04,8,54
3,3,4,27,orthogonal array,2024-11,2026-10-04,27,27
3,3,5,33,Chateauneuf-Kreher NRB,2024-11,2026-10-04,27,33
3,3,6,33,Chateauneuf-Kreher NRB,2024-11,2026-10-04,27,33
3,3,10,45,"Cover starter (Colbourn, Torres-Jimenez)",2024-11,2026-10-04,27,53
3,3,12,45,"Cover starter (Colbourn, Torres-Jimenez)",2024-11,2026-10-04,27,53
3,3,13,45,"Cover starter (Colbourn, Torres-Jimenez)",2024-11,2026-10-04,27,53
3,3,20,59,simulated annealing (AG-TJ-H),2024-11,2026-10-04,27,69
3,3,50,102,simulated annealing (AG-TJ-H),2024-11,2026-10-04,27,105
3,3,100,128,two-stage SA (TJ-AG-I),2024-11,2026-10-04,27,144
3,3,250,169,two-stage SA (TJ-AG-I),2024-11,2026-10-04,27,198
3,4,4,64,orthogonal array,2024-11,2026-10-04,64,64
3,4,5,64,orthogonal array,2024-11,2026-10-04,64,64
3,4,8,88,Chateauneuf-Kreher NRB,2024-11,2026-10-04,64,88
3,4,10,100,Torres Jimenez,2024-11,2026-10-04,64,112
3,4,20,127,Raaphorst-Moura-Stevens,2024-11,2026-10-04,64,127
3,4,21,127,Raaphorst-Moura-Stevens,2024-11,2026-10-04,64,127
3,4,50,192,CPHF 3-stage (IM-TJ-AJ-AG),2024-11,2026-10-04,64,232
3,4,100,272,CPHF 3-stage (IM-TJ-AJ-AG),2024-11,2026-10-04,64,325
3,4,250,364,CPHF 3-stage (IM-TJ-AJ-AG),2024-11,2026-10-04,64,389
3,5,4,125,orthogonal array,2024-11,2026-10-04,125,125
3,5,5,125,orthogonal array,2024-11,2026-10-04,125,125
3,5,6,125,orthogonal array,2024-11,2026-10-04,125,125
3,5,10,185,Chateauneuf-Kreher NRB,2024-11,2026-10-04,125,185
3,5,20,245,SCPHF (Sherwood-Martirosyan-Colbourn),2024-11,2026-10-04,125,249
3,5,31,249,Raaphorst-Moura-Stevens,2024-11,2026-10-04,125,249
3,5,50,365,SCPHF Sim Annealing (TJ-IM),2024-11,2026-10-04,125,385
3,5,100,473,Restricted CPHF Sim Annealing (TJ-IM),2024-11,2026-10-04,125,485
3,5,250,621,Restricted CPHF Sim Annealing (TJ-IM),2024-11,2026-10-04,125,713
3,6,4,216,Derive from strength 4,2024-11,2026-10-04,216,216
3,6,5,240,cross-sum (CKRS),2024-11,2026-10-04,216,246
3,6,7,290,Torres Jimenez,2024-11,2026-10-04,216,341
3,6,12,463,Chateauneuf-Kreher doubling,2024-11,2026-10-04,216,506
3,6,43,624,Cyclotomy (Colbourn),2024-11,2026-10-04,216,683
3,6,50,624,Cyclotomy (Colbourn),2024-11,2026-10-04,216,683
3,6,100,624,Cyclotomy (Colbourn),2024-11,2026-10-04,216,1113
3,6,250,1222,Chateauneuf-Kreher doubling,2024-11,2026-10-04,216,1433
3,7,4,343,orthogonal array,2024-11,2026-10-04,343,343
3,7,5,343,orthogonal array,2024-11,2026-10-04,343,343
3,7,8,343,orthogonal array,2024-11,2026-10-04,343,343
3,7,14,637,Chateauneuf-Kreher doubling,2024-11,2026-10-04,343,637
3,7,50,685,Raaphorst-Moura-Stevens,2024-11,2026-10-04,343,685
3,7,57,685,Raaphorst-Moura-Stevens,2024-11,2026-10-04,343,685
3,7,100,1183,Cyclotomy (Torres-Jimenez),2024-11,2026-10-04,343,1141
3,7,250,1519,Colbourn-Martirosyan-TVT-Walker,2024-11,2026-10-04,343,1435
3,8,4,512,orthogonal array,2024-11,2026-10-04,512,512
3,8,5,512,orthogonal array,2024-11,2026-10-04,512,512
3,8,9,512,orthogonal array,2024-11,2026-10-04,512,512
3,8,16,960,Chateauneuf-Kreher doubling,2024-11,2026-10-04,512,960
3,8,50,1016,SCPHF Conditional Expectation (CLS),2024-11,2026-10-04,512,1023
3,8,73,1023,Raaphorst-Moura-Stevens,2024-11,2026-10-04,512,1023
3,8,100,1520,SCPHF Conditional Expectation (CLS),2024-11,2026-10-04,512,1744
3,8,250,2024,SCPHF Conditional Expectation (CLS),2024-11,2026-10-04,512,2192
3,9,4,729,orthogonal array,2024-11,2026-10-04,729,729
3,9,5,729,orthogonal array,2024-11,2026-10-04,729,729
3,9,10,729,orthogonal array,2024-11,2026-10-04,729,729
3,9,18,1377,Chateauneuf-Kreher doubling,2024-11,2026-10-04,729,1377
3,9,50,1449,SCPHF LFSR (TJ-IM),2024-11,2026-10-04,729,1457
3,9,91,1457,Raaphorst-Moura-Stevens,2024-11,2026-10-04,729,1457
3,9,100,2169,SCPHF Conditional Expectation (CLS),2024-11,2026-10-04,729,2529
3,9,250,2745,Path-Restricted SCPHF RE (CLS),2024-11,2026-10-04,729,3177
3,10,4,1000,Derive from strength 4,2024-11,2026-10-04,1000,1000
3,10,5,1050,Li-Ji-Yin,2024-11,2026-10-04,1000,1090
3,10,11,1292,orthogonal array fuse postop NCK,2024-11,2026-10-04,1000,1329
3,10,20,2250,Chateauneuf-Kreher doubling,2024-11,2026-10-04,1000,2296
3,10,50,2628,SCPHF (Sherwood-Martirosyan-Colbourn) fuse postop NCK,2024-11,2026-10-04,1000,2659
3,10,100,2649,SCPHF LFSR (TJ-IM) fuse,2024-11,2026-10-04,1000,2659
3,10,111,2649,SCPHF LFSR (TJ-IM) fuse,2024-11,2026-10-04,1000,2659
3,10,250,3610,Cyclotomy (Torres-Jimenez),2024-11,2026-10-04,1000,4720
3,11,4,1331,orthogonal array,2024-11,2026-10-04,1331,1331
3,11,5,1331,orthogonal array,2024-11,2026-10-04,1331,1331
3,11,12,1331,orthogonal array,2024-11,2026-10-04,1331,1331
3,11,22,2541,Chateauneuf-Kreher doubling,2024-11,2026-10-04,1331,2541
3,11,50,2651,SCPHF LFSR (TJ-IM),2024-11,2026-10-04,1331,2661
3,11,100,2651,SCPHF LFSR (TJ-IM),2024-11,2026-10-04,1331,2661
3,11,133,2661,Raaphorst-Moura-Stevens,2024-11,2026-10-04,1331,2661
3,11,250,4378,Cyclotomy (Colbourn),2024-11,2026-10-04,1331,4741
3,12,4,1728,orthogonal array (Ji-Yin),2024-11,2026-10-04,1728,1728
3,12,5,1728,orthogonal array (Ji-Yin),2024-11,2026-10-04,1728,1860
3,12,13,2164,orthogonal array fuse postop NCK,2024-11,2026-10-04,1728,2195
3,12,24,3962,Chateauneuf-Kreher doubling,2024-11,2026-10-04,1728,4032
3,12,50,4362,SCPHF (Sherwood-Martirosyan-Colbourn) fuse postop NCK,2024-11,2026-10-04,1728,4391
3,12,100,4379,SCPHF LFSR (TJ-IM) fuse,2024-11,2026-10-04,1728,4391
3,12,157,4379,SCPHF LFSR (TJ-IM) fuse,2024-11,2026-10-04,1728,4391
3,12,250,7224,Cyclotomy (Colbourn),2024-11,2026-10-04,1728,7944
3,13,14,2197,orthogonal array,2024-11,2026-10-04,2197,2197
3,13,26,4225,Chateauneuf-Kreher doubling,2024-11,2026-10-04,2197,4225
3,13,50,4381,SCPHF LFSR (TJ-IM),2024-11,2026-10-04,2197,4393
3,13,100,4381,SCPHF LFSR (TJ-IM),2024-11,2026-10-04,2197,4393
3,13,183,4393,Raaphorst-Moura-Stevens,2024-11,2026-10-04,2197,4393
3,13,250,8185,Raaphorst-Moura-Stevens fuse fuse fuse,2024-11,2026-10-04,2197,7969
3,15,16,4072,orthogonal array fuse postop NCK,2024-11,2026-10-04,3375,4094
3,15,30,7584,Chateauneuf-Kreher doubling,2024-11,2026-10-04,3375,7650
3,15,50,8174,SCPHF LFSR (TJ-IM) fuse,2024-11,2026-10-04,3375,8189
3,15,100,8174,SCPHF LFSR (TJ-IM) fuse,2024-11,2026-10-04,3375,8189
3,15,241,8174,SCPHF LFSR (TJ-IM) fuse,2024-11,2026-10-04,3375,8189
3,15,250,8189,Raaphorst-Moura-Stevens fuse,2024-11,2026-10-04,3375,8189
3,16,17,4096,orthogonal array,2024-11,2026-10-04,4096,4096
3,16,32,7936,Chateauneuf-Kreher doubling,2024-11,2026-10-04,4096,7936
3,16,50,8176,SCPHF LFSR (TJ-IM),2024-11,2026-10-04,4096,8191
3,16,100,8176,SCPHF LFSR (TJ-IM),2024-11,2026-10-04,4096,8191
3,16,250,8191,Raaphorst-Moura-Stevens,2024-11,2026-10-04,4096,8191
3,16,273,8191,Raaphorst-Moura-Stevens,2024-11,2026-10-04,4096,8191
3,20,21,11990,orthogonal array fuse fuse fuse postop NCK,2024-11,2026-10-04,8000,12161
3,20,40,19019,Chateauneuf-Kreher doubling,2024-11,2026-10-04,8000,20027
3,20,50,24305,SCPHF LFSR (TJ-IM) fuse fuse fuse,2024-11,2026-10-04,8000,24327
3,20,100,24305,SCPHF LFSR (TJ-IM) fuse fuse fuse,2024-11,2026-10-04,8000,24327
3,20,250,24305,SCPHF LFSR (TJ-IM) fuse fuse fuse,2024-11,2026-10-04,8000,24327
3,20,421,24305,SCPHF LFSR (TJ-IM) fuse fuse fuse,2024-11,2026-10-04,8000,24327
3,24,25,15623,orthogonal array fuse,2024-11,2026-10-04,13824,15623
3,24,48,29929,Chateauneuf-Kreher doubling,2024-11,2026-10-04,13824,29952
3,24,50,29929,Chateauneuf-Kreher doubling,2024-11,2026-10-04,13824,29952
3,24,100,31223,SCPHF LFSR (TJ-IM) fuse,2024-11,2026-10-04,13824,31247
3,24,250,31223,SCPHF LFSR (TJ-IM) fuse,2024-11,2026-10-04,13824,31247
3,24,601,31223,SCPHF LFSR (TJ-IM) fuse,2024-11,2026-10-04,13824,31247
3,25,26,15625,orthogonal array,2024-11,2026-10-04,15625,15625
3,25,50,30625,Chateauneuf-Kreher doubling,2024-11,2026-10-04,15625,30625
3,25,100,31225,SCPHF LFSR (TJ-IM),2024-11,2026-10-04,15625,31249
3,25,250,31225,SCPHF LFSR (TJ-IM),2024-11,2026-10-04,15625,31249
3,25,651,31249,Raaphorst-Moura-Stevens,2024-11,2026-10-04,15625,31249
4,2,10,24,Cyclotomy (Colbourn),2024-11,2026-10-04,16,
4,2,20,39,Hadamard (Colbourn-Keri) postop NCK,2024-11,2026-10-04,16,
4,2,50,67,Cyclotomy (Colbourn),2024-11,2026-10-04,16,
4,2,100,98,SBSTT (TJ-AG),2024-11,2026-10-04,16,
4,3,10,159,CPHF 3-stage (TJ-IM),2024-11,2026-10-04,81,
4,3,12,189,Torres-Jimenez,2024-11,2026-10-04,81,
4,3,20,271,CPHF 3-stage (TJ-IM),2024-11,2026-10-04,81,
4,3,50,488,CPHF 3-stage (TJ-IM),2024-11,2026-10-04,81,
4,3,100,645,Density Mult Cyclic (Colbourn),2024-11,2026-10-04,81,
4,4,10,496,CPHF 3-stage (IM-TJ-AJ-AG),2024-11,2026-10-04,256,
4,4,20,748,2-Restricted SCPHF RE (CL),2024-11,2026-10-04,256,
4,4,50,1264,CPHF 3-stage (IM-TJ-AJ-AG),2024-11,2026-10-04,256,
4,4,100,1786,CPHF IPO 7 (WCS),2024-11,2026-10-04,256,
4,5,10,1125,Derive from strength 5,2024-11,2026-10-04,625,
4,5,20,1249,Restricted CPHF Sim Annealing (TJ-IM),2024-11,2026-10-04,625,
4,5,50,2965,"3,2-Restricted SCPHF RE (CL)",2024-11,2026-10-04,625,
4,5,100,3725,Restricted CPHF Sim Annealing (TJ-IM),2024-11,2026-10-04,625,
5,2,10,56,Steiner system (CKRS),2024-11,2026-10-04,32,
5,2,20,99,SBSTT (TJ-AG),2024-11,2026-10-04,32,
5,2,50,136,Paley type (Colbourn),2024-11,2026-10-04,32,
5,2,100,202,Paley type (Colbourn),2024-11,2026-10-04,32,
5,3,10,405,simulated annealing (AG-TJ-H),2024-11,2026-10-04,243,
5,3,12,483,SCPHF Sim Annealing (TJ-IM),2024-11,2026-10-04,243,
5,3,20,1108,CPHF 3-stage (TJ-IM),2024-11,2026-10-04,243,
5,3,50,2041,CPHF 3-stage (TJ-IM),2024-11,2026-10-04,243,
5,3,100,2649,CPHF 3-stage (TJ-IM),2024-11,2026-10-04,243,
5,4,10,1792,4-Restricted SCPHF RE (CL),2024-11,2026-10-04,1024,
5,4,20,4060,"2,2-Restricted SCPHF RE (CL)",2024-11,2026-10-04,1024,
5,4,50,7162,CPHF IPO 7 (WCS),2024-11,2026-10-04,1024,
5,4,100,10050,CPHF 3-stage (IM-TJ-AJ-AG),2024-11,2026-10-04,1024,
5,5,10,5625,4-Restricted SCPHF RE (CL),2024-11,2026-10-04,3125,
5,5,20,11245,"4,4-Restricted SCPHF RE (CL)",2024-11,2026-10-04,3125,
5,5,50,18725,Restricted CPHF Sim Annealing (TJ-IM),2024-11,2026-10-04,3125,
5,5,100,24965,Restricted CPHF Sim Annealing (TJ-IM),2024-11,2026-10-04,3125,
6,2,10,116,simulated annealing (CKRS),2024-11,2026-10-04,64,531427
6,2,20,300,SBSTT (TJ-AG),2024-11,2026-10-04,64,
6,3,10,1431,CPHF 3-stage (TJ-IM),2024-11,2026-10-04,729,531429
6,3,20,4006,CPHF 3-stage (TJ-IM),2024-11,2026-10-04,729,
