name	definition	production (src) callers outside own definition	test callers	other	exported/documented	in review?	verdict
pairs_in_entry	src/combinations.jl:103-114	none	none	-	no/no	yes	dead (A)
combination_histogram	src/coverage_matrix.jl:93-104	none	none	-	no/no	yes	dead (A)
most_to_cover	src/coverage_matrix.jl:107-109	none	none	-	no/no	yes	dead (A)
most_common_value	src/coverage_matrix.jl:142-148	none	none	-	no/no	yes	dead (A)
fill_missing_test_set_values!	src/parameter_order.jl:34-48	none	none	-	no/no	yes	dead (A)
cover_remaining_by_creating_cases	src/parameter_order.jl:55-66	none	none	-	no/no	yes	dead (A)
covers	src/request.jl:538-550	none (last caller removed in 234fe9d)	none	-	no/no	NO	dead (A)
first_match_for_parameter	src/coverage_matrix.jl:284-291	parameter_order.jl:60 (dead caller)	test_coverage_matrix.jl:194,196,198	-	no/no	yes	test-only (B+C)
fill_consistent_matches	src/coverage_matrix.jl:300-312	parameter_order.jl:40,61 (dead callers)	test_coverage_matrix.jl:213,228,243	-	no/no	yes	test-only (B+C)
multi_way_coverage	src/coverage_matrix.jl:423-446	none (last caller removed in 234fe9d)	test_coverage_matrix.jl:299,301,307,310,311	-	no/no	yes	test-only (B)
n_way_coverage	src/greedy_tuples.jl:246-252	none	test_greedy_tuples.jl:213,328,331	docstring claims benchmark use; none	no/no	yes	test-only (B)
all_combinations_matrix	src/coverage_matrix.jl:51-57	greedy_tuples.jl:248 (n_way_coverage only)	none	-	no/no	NO	fallout (C)
_Greedy(mc::MatrixCoverage) method	src/greedy_tuples.jl:118	greedy_tuples.jl:248 (n_way_coverage only)	none	-	no/no	NO	fallout (C, method-level)
combination_number	src/combinations.jl:100	combinations.jl:105 (pairs_in_entry only)	test_combinations.jl:26	-	no/no	NO	fallout (B+C)
remove_combinations!	src/coverage_matrix.jl:394-406	none (last callers removed in b955f50)	test_coverage_matrix.jl:292	-	no/no	NO	test-only (B)
misses	src/coverage_matrix.jl:222	none	test_coverage_matrix.jl:19	shown in docs/src/man/ipog.md:102 (plain code block)	no/partly	NO	test-only (B)
full_factorial_rows (+ FullFactorialRows, 3 Base methods)	src/full_factorial.jl:40-58	none	test_full_factorial.jl:26,30,31	-	no/no	NO	test-only (B)
never_appear(arity::AbstractVector{<:Integer}, _) method	src/excursions.jl:226-227	none (caller uses the choices method)	none	-	no/no	NO	dead method (A, method-level)
classify (2 methods) + Classification, _classify_one, IndexClassification, _STATUS_OF_OUTCOME	src/explain.jl:321-393; src/feasibility.jl:700-745	none (production uses classify_targets/_classify_target, request.jl:458,483)	~40 calls in test_explain.jl, test_feasibility.jl, test_fixtures.jl, test_request.jl	named in contract 3.3, 3.5, 12.19; docstring 'coverage measurement uses it' is stale	no/contract prose	NO	test-only parallel path (B)
targets(request)	src/request.jl:426	none	23 calls (test_request.jl etc.)	-	no/no	NO	test convenience (B)
components(f)	src/feasibility.jl:252	none	test_feasibility.jl 6 calls	-	no/no	NO	test convenience (B)
memo_size (3 methods)	src/explain.jl:34; feasibility.jl:285; request.jl:124	only between its own methods	28	benchmark/run.jl:231	no/no	NO	instrumentation (keep)
plain (3 methods) + _plain_* helpers	src/report.jl:699-770	none	test_report.jl etc.	documented for users in Report docstring, report.jl:77	no/docstring	NO	intentional qualified API (keep)
